data;id_partida;rodada;id_time_casa;time_casa;time_fora;id_time_fora;gols_casa;gols_fora;resultado_intervalo;resultado_final;local;cidade
2023-08-13T15:30:00+00:00;1035045;Regular Season - 1;49;Chelsea;Liverpool;40;1;1;1x1;1x1;Stamford Bridge;London
2023-08-20T15:30:00+00:00;1035055;Regular Season - 2;48;West Ham;Chelsea;49;3;1;1x1;3x1;London Stadium;London
2023-08-25T19:00:00+00:00;1035062;Regular Season - 3;49;Chelsea;Luton;1359;3;0;1x0;3x0;Stamford Bridge;London
2023-09-02T14:00:00+00:00;1035071;Regular Season - 4;49;Chelsea;Nottingham Forest;65;0;1;0x0;0x1;Stamford Bridge;London
2023-09-17T13:00:00+00:00;1035077;Regular Season - 5;35;Bournemouth;Chelsea;49;0;0;0x0;0x0;Vitality Stadium;Bournemouth, Dorset
2023-09-24T13:00:00+00:00;1035091;Regular Season - 6;49;Chelsea;Aston Villa;66;0;1;0x0;0x1;Stamford Bridge;London
2023-10-02T19:00:00+00:00;1035100;Regular Season - 7;36;Fulham;Chelsea;49;0;2;0x2;0x2;Craven Cottage;London
2023-10-07T14:00:00+00:00;1035109;Regular Season - 8;44;Burnley;Chelsea;49;1;4;1x1;1x4;Turf Moor;Burnley
2023-10-21T16:30:00+00:00;1035120;Regular Season - 9;49;Chelsea;Arsenal;42;2;2;1x0;2x2;Stamford Bridge;London
2023-10-28T11:30:00+00:00;1035131;Regular Season - 10;49;Chelsea;Brentford;55;0;2;0x0;0x2;Stamford Bridge;London
2023-11-06T20:00:00+00:00;1035146;Regular Season - 11;47;Tottenham;Chelsea;49;1;4;1x1;1x4;Tottenham Hotspur Stadium;London
2023-11-12T16:30:00+00:00;1035151;Regular Season - 12;49;Chelsea;Manchester City;50;4;4;2x2;4x4;Stamford Bridge;London
2023-11-25T15:00:00+00:00;1035300;Regular Season - 13;34;Newcastle;Chelsea;49;4;1;1x1;4x1;St. James' Park;Newcastle upon Tyne
2023-12-03T14:00:00+00:00;1035308;Regular Season - 14;49;Chelsea;Brighton;51;3;2;2x1;3x2;Stamford Bridge;London
2023-12-06T20:15:00+00:00;1035323;Regular Season - 15;33;Manchester United;Chelsea;49;2;1;1x1;2x1;Old Trafford;Manchester
2023-12-10T14:00:00+00:00;1035327;Regular Season - 16;45;Everton;Chelsea;49;2;0;0x0;2x0;Goodison Park;Liverpool
2023-12-16T15:00:00+00:00;1035338;Regular Season - 17;49;Chelsea;Sheffield Utd;62;2;0;0x0;2x0;Stamford Bridge;London
2023-12-24T13:00:00+00:00;1035353;Regular Season - 18;39;Wolves;Chelsea;49;2;1;0x0;2x1;Molineux Stadium;Wolverhampton, West Midlands
2023-12-27T19:30:00+00:00;1035359;Regular Season - 19;49;Chelsea;Crystal Palace;52;2;1;1x1;2x1;Stamford Bridge;London
2023-12-30T12:30:00+00:00;1035368;Regular Season - 20;1359;Luton;Chelsea;49;2;3;0x2;2x3;Kenilworth Road;Luton, Bedfordshire
2024-01-13T12:30:00+00:00;1035379;Regular Season - 21;49;Chelsea;Fulham;36;1;0;1x0;1x0;Stamford Bridge;London
2024-01-31T20:15:00+00:00;1035392;Regular Season - 22;40;Liverpool;Chelsea;49;4;1;2x0;4x1;Anfield;Liverpool
2024-02-04T14:00:00+00:00;1035399;Regular Season - 23;49;Chelsea;Wolves;39;2;4;1x2;2x4;Stamford Bridge;London
2024-02-12T20:00:00+00:00;1035405;Regular Season - 24;52;Crystal Palace;Chelsea;49;1;3;1x0;1x3;Selhurst Park;London
2024-02-17T17:30:00+00:00;1035419;Regular Season - 25;50;Manchester City;Chelsea;49;1;1;0x1;1x1;Etihad Stadium;Manchester
2024-03-02T15:00:00+00:00;1035434;Regular Season - 27;55;Brentford;Chelsea;49;2;2;0x1;2x2;Gtech Community Stadium;Brentford, Middlesex
2024-03-11T20:00:00+00:00;1035448;Regular Season - 28;49;Chelsea;Newcastle;34;3;2;1x1;3x2;Stamford Bridge;London
2024-03-30T15:00:00+00:00;1035467;Regular Season - 30;49;Chelsea;Burnley;44;2;2;1x0;2x2;Stamford Bridge;London
2024-04-04T19:15:00+00:00;1035480;Regular Season - 31;49;Chelsea;Manchester United;33;4;3;2x2;4x3;Stamford Bridge;London
2024-04-07T16:30:00+00:00;1035491;Regular Season - 32;62;Sheffield Utd;Chelsea;49;2;2;1x1;2x2;Bramall Lane;Sheffield
2024-04-15T19:00:00+00:00;1035498;Regular Season - 33;49;Chelsea;Everton;45;6;0;4x0;6x0;Stamford Bridge;London
2024-04-23T19:00:00+00:00;1035454;Regular Season - 29;42;Arsenal;Chelsea;49;5;0;1x0;5x0;Emirates Stadium;London
2024-04-27T19:00:00+00:00;1035515;Regular Season - 35;66;Aston Villa;Chelsea;49;2;2;2x0;2x2;Villa Park;Birmingham
2024-05-02T18:30:00+00:00;1035428;Regular Season - 26;49;Chelsea;Tottenham;47;2;0;1x0;2x0;Stamford Bridge;London
2024-05-05T13:00:00+00:00;1035528;Regular Season - 36;49;Chelsea;West Ham;48;5;0;3x0;5x0;Stamford Bridge;London
2024-05-11T16:30:00+00:00;1035540;Regular Season - 37;65;Nottingham Forest;Chelsea;49;2;3;1x1;2x3;The City Ground;Nottingham, Nottinghamshire
2024-05-15T18:45:00+00:00;1035505;Regular Season - 34;51;Brighton;Chelsea;49;1;2;0x1;1x2;American Express Stadium;Falmer, East Sussex
2024-05-19T15:00:00+00:00;1035548;Regular Season - 38;49;Chelsea;Bournemouth;35;2;1;1x0;2x1;Stamford Bridge;London
2023-08-14T19:00:00+00:00;1035046;Regular Season - 1;33;Manchester United;Wolves;39;1;0;0x0;1x0;Old Trafford;Manchester
2023-08-19T16:30:00+00:00;1035054;Regular Season - 2;47;Tottenham;Manchester United;33;2;0;0x0;2x0;Tottenham Hotspur Stadium;London
2023-08-26T14:00:00+00:00;1035064;Regular Season - 3;33;Manchester United;Nottingham Forest;65;3;2;1x2;3x2;Old Trafford;Manchester
2023-09-03T15:30:00+00:00;1035067;Regular Season - 4;42;Arsenal;Manchester United;33;3;1;1x1;3x1;Emirates Stadium;London
2023-09-16T14:00:00+00:00;1035081;Regular Season - 5;33;Manchester United;Brighton;51;1;3;0x1;1x3;Old Trafford;Manchester
2023-09-23T19:00:00+00:00;1035090;Regular Season - 6;44;Burnley;Manchester United;33;0;1;0x1;0x1;Turf Moor;Burnley
2023-09-30T14:00:00+00:00;1035101;Regular Season - 7;33;Manchester United;Crystal Palace;52;0;1;0x1;0x1;Old Trafford;Manchester
2023-10-07T14:00:00+00:00;1035114;Regular Season - 8;33;Manchester United;Brentford;55;2;1;0x1;2x1;Old Trafford;Manchester
2023-10-21T19:00:00+00:00;1035125;Regular Season - 9;62;Sheffield Utd;Manchester United;33;1;2;1x1;1x2;Bramall Lane;Sheffield
2023-10-29T15:30:00+00:00;1035134;Regular Season - 10;33;Manchester United;Manchester City;50;0;3;0x1;0x3;Old Trafford;Manchester
2023-11-04T12:30:00+00:00;1035140;Regular Season - 11;36;Fulham;Manchester United;33;0;1;0x0;0x1;Craven Cottage;London
2023-11-11T15:00:00+00:00;1035154;Regular Season - 12;33;Manchester United;Luton;1359;1;0;0x0;1x0;Old Trafford;Manchester
2023-11-26T16:30:00+00:00;1035296;Regular Season - 13;45;Everton;Manchester United;33;0;3;0x1;0x3;Goodison Park;Liverpool
2023-12-02T20:00:00+00:00;1035311;Regular Season - 14;34;Newcastle;Manchester United;33;1;0;0x0;1x0;St. James' Park;Newcastle upon Tyne
2023-12-09T15:00:00+00:00;1035330;Regular Season - 16;33;Manchester United;Bournemouth;35;0;3;0x1;0x3;Old Trafford;Manchester
2023-12-17T16:30:00+00:00;1035339;Regular Season - 17;40;Liverpool;Manchester United;33;0;0;0x0;0x0;Anfield;Liverpool
2023-12-23T12:30:00+00:00;1035352;Regular Season - 18;48;West Ham;Manchester United;33;2;0;0x0;2x0;London Stadium;London
2023-12-26T20:00:00+00:00;1035361;Regular Season - 19;33;Manchester United;Aston Villa;66;3;2;0x2;3x2;Old Trafford;Manchester
2023-12-30T17:30:00+00:00;1035370;Regular Season - 20;65;Nottingham Forest;Manchester United;33;2;1;0x0;2x1;The City Ground;Nottingham, Nottinghamshire
2024-01-14T16:30:00+00:00;1035381;Regular Season - 21;33;Manchester United;Tottenham;47;2;2;2x1;2x2;Old Trafford;Manchester
2024-02-01T20:15:00+00:00;1035390;Regular Season - 22;39;Wolves;Manchester United;33;3;4;0x2;3x4;Molineux Stadium;Wolverhampton, West Midlands
2024-02-04T14:00:00+00:00;1035401;Regular Season - 23;33;Manchester United;West Ham;48;3;0;1x0;3x0;Old Trafford;Manchester
2024-02-11T16:30:00+00:00;1035404;Regular Season - 24;66;Aston Villa;Manchester United;33;1;2;0x1;1x2;Villa Park;Birmingham
2024-02-18T16:30:00+00:00;1035418;Regular Season - 25;1359;Luton;Manchester United;33;1;2;1x2;1x2;Kenilworth Road;Luton, Bedfordshire
2024-02-24T15:00:00+00:00;1035431;Regular Season - 26;33;Manchester United;Fulham;36;1;2;0x0;1x2;Old Trafford;Manchester
2024-03-03T15:30:00+00:00;1035439;Regular Season - 27;50;Manchester City;Manchester United;33;3;1;0x1;3x1;Etihad Stadium;Manchester
2024-03-09T12:30:00+00:00;1035451;Regular Season - 28;33;Manchester United;Everton;45;2;0;2x0;2x0;Old Trafford;Manchester
2024-03-30T20:00:00+00:00;1035466;Regular Season - 30;55;Brentford;Manchester United;33;1;1;0x0;1x1;Gtech Community Stadium;Brentford, Middlesex
2024-04-07T14:30:00+00:00;1035490;Regular Season - 32;33;Manchester United;Liverpool;40;2;2;0x1;2x2;Old Trafford;Manchester
2024-04-13T16:30:00+00:00;1035494;Regular Season - 33;35;Bournemouth;Manchester United;33;2;2;2x1;2x2;Vitality Stadium;Bournemouth, Dorset
2024-04-24T19:00:00+00:00;1035461;Regular Season - 29;33;Manchester United;Sheffield Utd;62;4;2;1x1;4x2;Old Trafford;Manchester
2024-04-27T14:00:00+00:00;1035518;Regular Season - 35;33;Manchester United;Burnley;44;1;1;0x0;1x1;Old Trafford;Manchester
2024-05-06T19:00:00+00:00;1035529;Regular Season - 36;52;Crystal Palace;Manchester United;33;4;0;2x0;4x0;Selhurst Park;London
2024-05-12T15:30:00+00:00;1035538;Regular Season - 37;33;Manchester United;Arsenal;42;0;1;0x1;0x1;Old Trafford;Manchester
2024-05-15T19:00:00+00:00;1035510;Regular Season - 34;33;Manchester United;Newcastle;34;3;2;1x0;3x2;Old Trafford;Manchester
2024-05-19T15:00:00+00:00;1035546;Regular Season - 38;51;Brighton;Manchester United;33;0;2;0x0;0x2;American Express Stadium;Falmer, East Sussex
2023-08-12T16:30:00+00:00;1035043;Regular Season - 1;34;Newcastle;Aston Villa;66;5;1;2x1;5x1;St. James' Park;Newcastle upon Tyne
2023-08-19T19:00:00+00:00;1035052;Regular Season - 2;50;Manchester City;Newcastle;34;1;0;1x0;1x0;Etihad Stadium;Manchester
2023-08-27T15:30:00+00:00;1035065;Regular Season - 3;34;Newcastle;Liverpool;40;1;2;1x0;1x2;St. James' Park;Newcastle upon Tyne
2023-09-02T16:30:00+00:00;1035069;Regular Season - 4;51;Brighton;Newcastle;34;3;1;1x0;3x1;The American Express Community Stadium;Falmer, East Sussex
2023-09-16T16:30:00+00:00;1035082;Regular Season - 5;34;Newcastle;Brentford;55;1;0;0x0;1x0;St. James' Park;Newcastle upon Tyne
2023-09-24T15:30:00+00:00;1035096;Regular Season - 6;62;Sheffield Utd;Newcastle;34;0;8;0x3;0x8;Bramall Lane;Sheffield
2023-09-30T14:00:00+00:00;1035102;Regular Season - 7;34;Newcastle;Burnley;44;2;0;1x0;2x0;St. James' Park;Newcastle upon Tyne
2023-10-08T13:00:00+00:00;1035115;Regular Season - 8;48;West Ham;Newcastle;34;2;2;1x0;2x2;London Stadium;London
2023-10-21T14:00:00+00:00;1035123;Regular Season - 9;34;Newcastle;Crystal Palace;52;4;0;3x0;4x0;St. James' Park;Newcastle upon Tyne
2023-10-28T16:30:00+00:00;1035136;Regular Season - 10;39;Wolves;Newcastle;34;2;2;1x2;2x2;Molineux Stadium;Wolverhampton, West Midlands
2023-11-04T17:30:00+00:00;1035143;Regular Season - 11;34;Newcastle;Arsenal;42;1;0;0x0;1x0;St. James' Park;Newcastle upon Tyne
2023-11-11T17:30:00+00:00;1035147;Regular Season - 12;35;Bournemouth;Newcastle;34;2;0;0x0;2x0;Vitality Stadium;Bournemouth, Dorset
2023-12-07T19:30:00+00:00;1035316;Regular Season - 15;45;Everton;Newcastle;34;3;0;0x0;3x0;Goodison Park;Liverpool
2023-12-10T16:30:00+00:00;1035332;Regular Season - 16;47;Tottenham;Newcastle;34;4;1;2x0;4x1;Tottenham Hotspur Stadium;London
2023-12-16T15:00:00+00:00;1035341;Regular Season - 17;34;Newcastle;Fulham;36;3;0;0x0;3x0;St. James' Park;Newcastle upon Tyne
2023-12-23T15:00:00+00:00;1035348;Regular Season - 18;1359;Luton;Newcastle;34;1;0;1x0;1x0;Kenilworth Road;Luton, Bedfordshire
2023-12-26T12:30:00+00:00;1035362;Regular Season - 19;34;Newcastle;Nottingham Forest;65;1;3;1x1;1x3;St. James' Park;Newcastle upon Tyne
2024-01-01T20:00:00+00:00;1035367;Regular Season - 20;40;Liverpool;Newcastle;34;4;2;0x0;4x2;Anfield;Liverpool
2024-01-13T17:30:00+00:00;1035382;Regular Season - 21;34;Newcastle;Manchester City;50;2;3;2x1;2x3;St. James' Park;Newcastle upon Tyne
2024-01-30T20:15:00+00:00;1035384;Regular Season - 22;66;Aston Villa;Newcastle;34;1;3;0x2;1x3;Villa Park;Birmingham
2024-02-03T15:00:00+00:00;1035402;Regular Season - 23;34;Newcastle;Luton;1359;4;4;2x2;4x4;St. James' Park;Newcastle upon Tyne
2024-02-10T17:30:00+00:00;1035410;Regular Season - 24;65;Nottingham Forest;Newcastle;34;2;3;2x2;2x3;The City Ground;Nottingham, Nottinghamshire
2024-02-17T15:00:00+00:00;1035420;Regular Season - 25;34;Newcastle;Bournemouth;35;2;2;0x0;2x2;St. James' Park;Newcastle upon Tyne
2024-02-24T20:00:00+00:00;1035425;Regular Season - 26;42;Arsenal;Newcastle;34;4;1;2x0;4x1;Emirates Stadium;London
2024-03-02T15:00:00+00:00;1035440;Regular Season - 27;34;Newcastle;Wolves;39;3;0;2x0;3x0;St. James' Park;Newcastle upon Tyne
2024-03-30T12:30:00+00:00;1035470;Regular Season - 30;34;Newcastle;West Ham;48;4;3;1x2;4x3;St. James' Park;Newcastle upon Tyne
2024-04-02T18:30:00+00:00;1035481;Regular Season - 31;34;Newcastle;Everton;45;1;1;1x0;1x1;St. James' Park;Newcastle upon Tyne
2024-04-06T14:00:00+00:00;1035488;Regular Season - 32;36;Fulham;Newcastle;34;0;1;0x0;0x1;Craven Cottage;London
2024-04-13T11:30:00+00:00;1035501;Regular Season - 33;34;Newcastle;Tottenham;47;4;0;2x0;4x0;St. James' Park;Newcastle upon Tyne
2024-04-24T19:00:00+00:00;1035457;Regular Season - 29;52;Crystal Palace;Newcastle;34;2;0;0x0;2x0;Selhurst Park;London
2024-04-27T14:00:00+00:00;1035519;Regular Season - 35;34;Newcastle;Sheffield Utd;62;5;1;1x1;5x1;St. James' Park;Newcastle upon Tyne
2024-05-04T14:00:00+00:00;1035527;Regular Season - 36;44;Burnley;Newcastle;34;1;4;0x3;1x4;Turf Moor;Burnley
2024-05-11T14:00:00+00:00;1035539;Regular Season - 37;34;Newcastle;Brighton;51;1;1;1x1;1x1;St. James' Park;Newcastle upon Tyne
2024-05-19T15:00:00+00:00;1035545;Regular Season - 38;55;Brentford;Newcastle;34;2;4;0x3;2x4;Gtech Community Stadium;Brentford, Middlesex
2023-08-12T14:00:00+00:00;1035039;Regular Season - 1;35;Bournemouth;West Ham;48;1;1;0x0;1x1;Vitality Stadium;Bournemouth, Dorset
2023-08-19T14:00:00+00:00;1035050;Regular Season - 2;40;Liverpool;Bournemouth;35;3;1;2x1;3x1;Anfield;Liverpool
2023-08-26T11:30:00+00:00;1035057;Regular Season - 3;35;Bournemouth;Tottenham;47;0;2;0x1;0x2;Vitality Stadium;Bournemouth, Dorset
2023-09-02T14:00:00+00:00;1035068;Regular Season - 4;55;Brentford;Bournemouth;35;2;2;1x1;2x2;Gtech Community Stadium;Brentford, Middlesex
2023-09-24T13:00:00+00:00;1035089;Regular Season - 6;51;Brighton;Bournemouth;35;3;1;1x1;3x1;The American Express Community Stadium;Falmer, East Sussex
2023-09-30T14:00:00+00:00;1035097;Regular Season - 7;35;Bournemouth;Arsenal;42;0;4;0x2;0x4;Vitality Stadium;Bournemouth, Dorset
2023-10-07T14:00:00+00:00;1035111;Regular Season - 8;45;Everton;Bournemouth;35;3;0;2x0;3x0;Goodison Park;Liverpool
2023-10-21T14:00:00+00:00;1035117;Regular Season - 9;35;Bournemouth;Wolves;39;1;2;1x0;1x2;Vitality Stadium;Bournemouth, Dorset
2023-10-28T14:00:00+00:00;1035127;Regular Season - 10;35;Bournemouth;Burnley;44;2;1;1x1;2x1;Vitality Stadium;Bournemouth, Dorset
2023-11-04T15:00:00+00:00;1035142;Regular Season - 11;50;Manchester City;Bournemouth;35;6;1;3x0;6x1;Etihad Stadium;Manchester
2023-11-25T15:00:00+00:00;1035302;Regular Season - 13;62;Sheffield Utd;Bournemouth;35;1;3;0x2;1x3;Bramall Lane;Sheffield
2023-12-03T14:00:00+00:00;1035304;Regular Season - 14;35;Bournemouth;Aston Villa;66;2;2;1x1;2x2;Vitality Stadium;Bournemouth, Dorset
2023-12-06T19:30:00+00:00;1035322;Regular Season - 15;52;Crystal Palace;Bournemouth;35;0;2;0x1;0x2;Selhurst Park;London
2023-12-23T15:00:00+00:00;1035350;Regular Season - 18;65;Nottingham Forest;Bournemouth;35;2;3;0x0;2x3;The City Ground;Nottingham, Nottinghamshire
2023-12-26T15:00:00+00:00;1035354;Regular Season - 19;35;Bournemouth;Fulham;36;3;0;1x0;3x0;Vitality Stadium;Bournemouth, Dorset
2023-12-31T14:00:00+00:00;1035371;Regular Season - 20;47;Tottenham;Bournemouth;35;3;1;1x0;3x1;Tottenham Hotspur Stadium;London
2024-01-21T16:30:00+00:00;1035374;Regular Season - 21;35;Bournemouth;Liverpool;40;0;4;0x0;0x4;Vitality Stadium;Bournemouth, Dorset
2024-02-01T19:30:00+00:00;1035389;Regular Season - 22;48;West Ham;Bournemouth;35;1;1;0x1;1x1;London Stadium;London
2024-02-04T14:00:00+00:00;1035394;Regular Season - 23;35;Bournemouth;Nottingham Forest;65;1;1;1x1;1x1;Vitality Stadium;Bournemouth, Dorset
2024-02-10T15:00:00+00:00;1035406;Regular Season - 24;36;Fulham;Bournemouth;35;3;1;2x0;3x1;Craven Cottage;London
2024-02-24T17:30:00+00:00;1035424;Regular Season - 26;35;Bournemouth;Manchester City;50;0;1;0x1;0x1;Vitality Stadium;Bournemouth, Dorset
2024-03-03T13:00:00+00:00;1035435;Regular Season - 27;44;Burnley;Bournemouth;35;0;2;0x1;0x2;Turf Moor;Burnley
2024-03-09T15:00:00+00:00;1035444;Regular Season - 28;35;Bournemouth;Sheffield Utd;62;2;2;0x1;2x2;Vitality Stadium;Bournemouth, Dorset
2024-03-13T19:30:00+00:00;1035334;Regular Season - 17;35;Bournemouth;Luton;1359;4;3;0x3;4x3;Vitality Stadium;Bournemouth, Dorset
2024-03-30T15:00:00+00:00;1035464;Regular Season - 30;35;Bournemouth;Everton;45;2;1;0x0;2x1;Vitality Stadium;Bournemouth, Dorset
2024-04-02T18:45:00+00:00;1035474;Regular Season - 31;35;Bournemouth;Crystal Palace;52;1;0;0x0;1x0;Vitality Stadium;Bournemouth, Dorset
2024-04-06T14:00:00+00:00;1035489;Regular Season - 32;1359;Luton;Bournemouth;35;2;1;0x0;2x1;Kenilworth Road;Luton, Bedfordshire
2024-04-21T14:00:00+00:00;1035504;Regular Season - 34;66;Aston Villa;Bournemouth;35;3;1;1x1;3x1;Villa Park;Birmingham
2024-04-24T18:45:00+00:00;1035463;Regular Season - 29;39;Wolves;Bournemouth;35;0;1;0x1;0x1;Molineux Stadium;Wolverhampton, West Midlands
2024-04-28T13:00:00+00:00;1035514;Regular Season - 35;35;Bournemouth;Brighton;51;3;0;1x0;3x0;Vitality Stadium;Bournemouth, Dorset
2024-05-04T11:30:00+00:00;1035524;Regular Season - 36;42;Arsenal;Bournemouth;35;3;0;1x0;3x0;Emirates Stadium;London
2024-05-11T14:00:00+00:00;1035534;Regular Season - 37;35;Bournemouth;Brentford;55;1;2;0x0;1x2;Vitality Stadium;Bournemouth, Dorset
2023-08-12T14:00:00+00:00;1035041;Regular Season - 1;45;Everton;Fulham;36;0;1;0x0;0x1;Goodison Park;Liverpool
2023-08-19T14:00:00+00:00;1035049;Regular Season - 2;36;Fulham;Brentford;55;0;3;0x1;0x3;Craven Cottage;London
2023-08-26T14:00:00+00:00;1035058;Regular Season - 3;42;Arsenal;Fulham;36;2;2;0x1;2x2;Emirates Stadium;London
2023-09-02T14:00:00+00:00;1035075;Regular Season - 4;50;Manchester City;Fulham;36;5;1;2x1;5x1;Etihad Stadium;Manchester
2023-09-16T14:00:00+00:00;1035080;Regular Season - 5;36;Fulham;Luton;1359;1;0;0x0;1x0;Craven Cottage;London
2023-09-23T14:00:00+00:00;1035092;Regular Season - 6;52;Crystal Palace;Fulham;36;0;0;0x0;0x0;Selhurst Park;London
2023-10-07T14:00:00+00:00;1035112;Regular Season - 8;36;Fulham;Sheffield Utd;62;3;1;0x0;3x1;Craven Cottage;London
2023-10-23T19:00:00+00:00;1035126;Regular Season - 9;47;Tottenham;Fulham;36;2;0;1x0;2x0;Tottenham Hotspur Stadium;London
2023-10-29T14:00:00+00:00;1035130;Regular Season - 10;51;Brighton;Fulham;36;1;1;1x0;1x1;The American Express Community Stadium;Falmer, East Sussex
2023-11-12T14:00:00+00:00;1035149;Regular Season - 12;66;Aston Villa;Fulham;36;3;1;2x0;3x1;Villa Park;Birmingham
2023-11-27T20:00:00+00:00;1035297;Regular Season - 13;36;Fulham;Wolves;39;3;2;1x1;3x2;Craven Cottage;London
2023-12-03T14:00:00+00:00;1035309;Regular Season - 14;40;Liverpool;Fulham;36;4;3;2x2;4x3;Anfield;Liverpool
2023-12-06T19:30:00+00:00;1035317;Regular Season - 15;36;Fulham;Nottingham Forest;65;5;0;2x0;5x0;Craven Cottage;London
2023-12-10T14:00:00+00:00;1035328;Regular Season - 16;36;Fulham;West Ham;48;5;0;3x0;5x0;Craven Cottage;London
2023-12-23T15:00:00+00:00;1035346;Regular Season - 18;36;Fulham;Burnley;44;0;2;0x0;0x2;Craven Cottage;London
2023-12-31T14:00:00+00:00;1035366;Regular Season - 20;36;Fulham;Arsenal;42;2;1;1x1;2x1;Craven Cottage;London
2024-01-30T19:45:00+00:00;1035385;Regular Season - 22;36;Fulham;Everton;45;0;0;0x0;0x0;Craven Cottage;London
2024-02-03T15:00:00+00:00;1035398;Regular Season - 23;44;Burnley;Fulham;36;2;2;0x2;2x2;Turf Moor;Burnley
2024-02-17T15:00:00+00:00;1035417;Regular Season - 25;36;Fulham;Aston Villa;66;1;2;0x1;1x2;Craven Cottage;London
2024-03-02T15:00:00+00:00;1035437;Regular Season - 27;36;Fulham;Brighton;51;3;0;2x0;3x0;Craven Cottage;London
2024-03-09T15:00:00+00:00;1035453;Regular Season - 28;39;Wolves;Fulham;36;2;1;0x0;2x1;Molineux Stadium;Wolverhampton, West Midlands
2024-03-16T17:30:00+00:00;1035459;Regular Season - 29;36;Fulham;Tottenham;47;3;0;1x0;3x0;Craven Cottage;London
2024-03-30T15:00:00+00:00;1035472;Regular Season - 30;62;Sheffield Utd;Fulham;36;3;3;0x0;3x3;Bramall Lane;Sheffield
2024-04-02T18:30:00+00:00;1035478;Regular Season - 31;65;Nottingham Forest;Fulham;36;3;1;3x0;3x1;The City Ground;Nottingham, Nottinghamshire
2024-04-14T13:00:00+00:00;1035503;Regular Season - 33;48;West Ham;Fulham;36;0;2;0x1;0x2;London Stadium;London
2024-04-21T15:30:00+00:00;1035508;Regular Season - 34;36;Fulham;Liverpool;40;1;3;1x1;1x3;Craven Cottage;London
2024-04-27T14:00:00+00:00;1035517;Regular Season - 35;36;Fulham;Crystal Palace;52;1;1;0x0;1x1;Craven Cottage;London
2024-05-04T14:00:00+00:00;1035525;Regular Season - 36;55;Brentford;Fulham;36;0;0;0x0;0x0;Gtech Community Stadium;Brentford, Middlesex
2024-05-11T11:30:00+00:00;1035537;Regular Season - 37;36;Fulham;Manchester City;50;0;4;0x1;0x4;Craven Cottage;London
2024-05-19T15:00:00+00:00;1035551;Regular Season - 38;1359;Luton;Fulham;36;2;4;1x2;2x4;Kenilworth Road;Luton, Bedfordshire
2023-08-19T14:00:00+00:00;1035056;Regular Season - 2;39;Wolves;Brighton;51;1;4;0x1;1x4;Molineux Stadium;Wolverhampton, West Midlands
2023-08-26T14:00:00+00:00;1035063;Regular Season - 3;45;Everton;Wolves;39;0;1;0x0;0x1;Goodison Park;Liverpool
2023-09-03T13:00:00+00:00;1035072;Regular Season - 4;52;Crystal Palace;Wolves;39;3;2;0x0;3x2;Selhurst Park;London
2023-09-16T11:30:00+00:00;1035086;Regular Season - 5;39;Wolves;Liverpool;40;1;3;1x0;1x3;Molineux Stadium;Wolverhampton, West Midlands
2023-09-23T14:00:00+00:00;1035094;Regular Season - 6;1359;Luton;Wolves;39;1;1;0x0;1x1;Kenilworth Road;Luton, Bedfordshire
2023-09-30T14:00:00+00:00;1035106;Regular Season - 7;39;Wolves;Manchester City;50;2;1;1x0;2x1;Molineux Stadium;Wolverhampton, West Midlands
2023-10-08T13:00:00+00:00;1035116;Regular Season - 8;39;Wolves;Aston Villa;66;1;1;0x0;1x1;Molineux Stadium;Wolverhampton, West Midlands
2023-11-04T15:00:00+00:00;1035145;Regular Season - 11;62;Sheffield Utd;Wolves;39;2;1;0x0;2x1;Bramall Lane;Sheffield
2023-11-11T12:30:00+00:00;1035156;Regular Season - 12;39;Wolves;Tottenham;47;2;1;0x1;2x1;Molineux Stadium;Wolverhampton, West Midlands
2023-12-02T15:00:00+00:00;1035305;Regular Season - 14;42;Arsenal;Wolves;39;2;1;2x0;2x1;Emirates Stadium;London
2023-12-05T19:30:00+00:00;1035321;Regular Season - 15;39;Wolves;Burnley;44;1;0;1x0;1x0;Molineux Stadium;Wolverhampton, West Midlands
2023-12-09T15:00:00+00:00;1035333;Regular Season - 16;39;Wolves;Nottingham Forest;65;1;1;1x1;1x1;Molineux Stadium;Wolverhampton, West Midlands
2023-12-17T14:00:00+00:00;1035343;Regular Season - 17;48;West Ham;Wolves;39;3;0;2x0;3x0;London Stadium;London
2023-12-27T19:30:00+00:00;1035356;Regular Season - 19;55;Brentford;Wolves;39;1;4;1x3;1x4;Gtech Community Stadium;Brentford, Middlesex
2023-12-30T15:00:00+00:00;1035373;Regular Season - 20;39;Wolves;Everton;45;3;0;1x0;3x0;Molineux Stadium;Wolverhampton, West Midlands
2024-01-22T19:45:00+00:00;1035377;Regular Season - 21;51;Brighton;Wolves;39;0;0;0x0;0x0;American Express Stadium;Falmer, East Sussex
2024-02-10T15:00:00+00:00;1035413;Regular Season - 24;39;Wolves;Brentford;55;0;2;0x1;0x2;Molineux Stadium;Wolverhampton, West Midlands
2024-02-17T15:00:00+00:00;1035423;Regular Season - 25;47;Tottenham;Wolves;39;1;2;0x1;1x2;Tottenham Hotspur Stadium;London
2024-02-25T13:30:00+00:00;1035433;Regular Season - 26;39;Wolves;Sheffield Utd;62;1;0;1x0;1x0;Molineux Stadium;Wolverhampton, West Midlands
2024-03-30T17:30:00+00:00;1035465;Regular Season - 30;66;Aston Villa;Wolves;39;2;0;1x0;2x0;Villa Park;Birmingham
2024-04-02T18:45:00+00:00;1035477;Regular Season - 31;44;Burnley;Wolves;39;1;1;1x1;1x1;Turf Moor;Burnley
2024-04-06T14:00:00+00:00;1035493;Regular Season - 32;39;Wolves;West Ham;48;1;2;1x0;1x2;Molineux Stadium;Wolverhampton, West Midlands
2024-04-13T14:00:00+00:00;1035502;Regular Season - 33;65;Nottingham Forest;Wolves;39;2;2;1x1;2x2;The City Ground;Nottingham, Nottinghamshire
2024-04-20T18:30:00+00:00;1035513;Regular Season - 34;39;Wolves;Arsenal;42;0;2;0x1;0x2;Molineux Stadium;Wolverhampton, West Midlands
2024-04-27T14:00:00+00:00;1035523;Regular Season - 35;39;Wolves;Luton;1359;2;1;1x0;2x1;Molineux Stadium;Wolverhampton, West Midlands
2024-05-04T16:30:00+00:00;1035532;Regular Season - 36;50;Manchester City;Wolves;39;5;1;3x0;5x1;Etihad Stadium;Manchester
2024-05-11T14:00:00+00:00;1035543;Regular Season - 37;39;Wolves;Crystal Palace;52;1;3;0x2;1x3;Molineux Stadium;Wolverhampton, West Midlands
2024-05-19T15:00:00+00:00;1035550;Regular Season - 38;40;Liverpool;Wolves;39;2;0;2x0;2x0;Anfield;Liverpool
2023-09-03T13:00:00+00:00;1035073;Regular Season - 4;40;Liverpool;Aston Villa;66;3;0;2x0;3x0;Anfield;Liverpool
2023-09-24T13:00:00+00:00;1035093;Regular Season - 6;40;Liverpool;West Ham;48;3;1;1x1;3x1;Anfield;Liverpool
2023-09-30T16:30:00+00:00;1035104;Regular Season - 7;47;Tottenham;Liverpool;40;2;1;1x1;2x1;Tottenham Hotspur Stadium;London
2023-10-08T13:00:00+00:00;1035108;Regular Season - 8;51;Brighton;Liverpool;40;2;2;1x2;2x2;The American Express Community Stadium;Falmer, East Sussex
2023-10-21T11:30:00+00:00;1035121;Regular Season - 9;40;Liverpool;Everton;45;2;0;0x0;2x0;Anfield;Liverpool
2023-10-29T14:00:00+00:00;1035133;Regular Season - 10;40;Liverpool;Nottingham Forest;65;3;0;2x0;3x0;Anfield;Liverpool
2023-11-05T16:30:00+00:00;1035141;Regular Season - 11;1359;Luton;Liverpool;40;1;1;0x0;1x1;Kenilworth Road;Luton, Bedfordshire
2023-11-12T14:00:00+00:00;1035153;Regular Season - 12;40;Liverpool;Brentford;55;3;0;1x0;3x0;Anfield;Liverpool
2023-11-25T12:30:00+00:00;1035299;Regular Season - 13;50;Manchester City;Liverpool;40;1;1;1x0;1x1;Etihad Stadium;Manchester
2023-12-06T19:30:00+00:00;1035319;Regular Season - 15;62;Sheffield Utd;Liverpool;40;0;2;0x1;0x2;Bramall Lane;Sheffield
2023-12-09T12:30:00+00:00;1035326;Regular Season - 16;52;Crystal Palace;Liverpool;40;1;2;0x0;1x2;Selhurst Park;London
2023-12-23T17:30:00+00:00;1035347;Regular Season - 18;40;Liverpool;Arsenal;42;1;1;1x1;1x1;Anfield;Liverpool
2023-12-26T17:30:00+00:00;1035358;Regular Season - 19;44;Burnley;Liverpool;40;0;2;0x1;0x2;Turf Moor;Burnley
2024-02-04T16:30:00+00:00;1035395;Regular Season - 23;42;Arsenal;Liverpool;40;3;1;1x1;3x1;Emirates Stadium;London
2024-02-10T15:00:00+00:00;1035407;Regular Season - 24;40;Liverpool;Burnley;44;3;1;1x1;3x1;Anfield;Liverpool
2024-02-17T12:30:00+00:00;1035414;Regular Season - 25;55;Brentford;Liverpool;40;1;4;0x1;1x4;Gtech Community Stadium;Brentford, Middlesex
2024-02-21T19:30:00+00:00;1035430;Regular Season - 26;40;Liverpool;Luton;1359;4;1;0x1;4x1;Anfield;Liverpool
2024-03-02T15:00:00+00:00;1035441;Regular Season - 27;65;Nottingham Forest;Liverpool;40;0;1;0x0;0x1;The City Ground;Nottingham, Nottinghamshire
2024-03-10T15:45:00+00:00;1035450;Regular Season - 28;40;Liverpool;Manchester City;50;1;1;0x1;1x1;Anfield;Liverpool
2024-03-31T13:00:00+00:00;1035468;Regular Season - 30;40;Liverpool;Brighton;51;2;1;1x1;2x1;Anfield;Liverpool
2024-04-04T18:30:00+00:00;1035482;Regular Season - 31;40;Liverpool;Sheffield Utd;62;3;1;1x0;3x1;Anfield;Liverpool
2024-04-14T13:00:00+00:00;1035499;Regular Season - 33;40;Liverpool;Crystal Palace;52;0;1;0x1;0x1;Anfield;Liverpool
2024-04-24T19:00:00+00:00;1035458;Regular Season - 29;45;Everton;Liverpool;40;2;0;1x0;2x0;Goodison Park;Liverpool
2024-04-27T11:30:00+00:00;1035522;Regular Season - 35;48;West Ham;Liverpool;40;2;2;1x0;2x2;London Stadium;London
2024-05-05T15:30:00+00:00;1035530;Regular Season - 36;40;Liverpool;Tottenham;47;4;2;2x0;4x2;Anfield;Liverpool
2024-05-13T19:00:00+00:00;1035535;Regular Season - 37;66;Aston Villa;Liverpool;40;3;3;1x2;3x3;Villa Park;Birmingham
2023-08-12T11:30:00+00:00;1035038;Regular Season - 1;42;Arsenal;Nottingham Forest;65;2;1;2x0;2x1;Emirates Stadium;London
2023-08-21T19:00:00+00:00;1035048;Regular Season - 2;52;Crystal Palace;Arsenal;42;0;1;0x0;0x1;Selhurst Park;London
2023-09-17T15:30:00+00:00;1035079;Regular Season - 5;45;Everton;Arsenal;42;0;1;0x0;0x1;Goodison Park;Liverpool
2023-09-24T13:00:00+00:00;1035087;Regular Season - 6;42;Arsenal;Tottenham;47;2;2;1x1;2x2;Emirates Stadium;London
2023-10-08T15:30:00+00:00;1035107;Regular Season - 8;42;Arsenal;Manchester City;50;1;0;0x0;1x0;Emirates Stadium;London
2023-10-28T14:00:00+00:00;1035128;Regular Season - 10;42;Arsenal;Sheffield Utd;62;5;0;1x0;5x0;Emirates Stadium;London
2023-11-11T15:00:00+00:00;1035148;Regular Season - 12;42;Arsenal;Burnley;44;3;1;1x0;3x1;Emirates Stadium;London
2023-11-25T17:30:00+00:00;1035294;Regular Season - 13;55;Brentford;Arsenal;42;0;1;0x0;0x1;Gtech Community Stadium;Brentford, Middlesex
2023-12-05T20:15:00+00:00;1035318;Regular Season - 15;1359;Luton;Arsenal;42;3;4;1x2;3x4;Kenilworth Road;Luton, Bedfordshire
2023-12-09T17:30:00+00:00;1035324;Regular Season - 16;66;Aston Villa;Arsenal;42;1;0;1x0;1x0;Villa Park;Birmingham
2023-12-17T14:00:00+00:00;1035335;Regular Season - 17;42;Arsenal;Brighton;51;2;0;0x0;2x0;Emirates Stadium;London
2023-12-28T20:15:00+00:00;1035355;Regular Season - 19;42;Arsenal;West Ham;48;0;2;0x1;0x2;Emirates Stadium;London
2024-01-20T12:30:00+00:00;1035375;Regular Season - 21;42;Arsenal;Crystal Palace;52;5;0;2x0;5x0;Emirates Stadium;London
2024-01-30T19:30:00+00:00;1035387;Regular Season - 22;65;Nottingham Forest;Arsenal;42;1;2;0x0;1x2;The City Ground;Nottingham, Nottinghamshire
2024-02-11T14:00:00+00:00;1035412;Regular Season - 24;48;West Ham;Arsenal;42;0;6;0x4;0x6;London Stadium;London
2024-02-17T15:00:00+00:00;1035415;Regular Season - 25;44;Burnley;Arsenal;42;0;5;0x2;0x5;Turf Moor;Burnley
2024-03-04T20:00:00+00:00;1035442;Regular Season - 27;62;Sheffield Utd;Arsenal;42;0;6;0x5;0x6;Bramall Lane;Sheffield
2024-03-09T17:30:00+00:00;1035445;Regular Season - 28;42;Arsenal;Brentford;55;2;1;1x1;2x1;Emirates Stadium;London
2024-03-31T15:30:00+00:00;1035469;Regular Season - 30;50;Manchester City;Arsenal;42;0;0;0x0;0x0;Etihad Stadium;Manchester
2024-04-03T18:30:00+00:00;1035475;Regular Season - 31;42;Arsenal;Luton;1359;2;0;2x0;2x0;Emirates Stadium;London
2024-04-06T16:30:00+00:00;1035485;Regular Season - 32;51;Brighton;Arsenal;42;0;3;0x1;0x3;American Express Stadium;Falmer, East Sussex
2024-04-14T15:30:00+00:00;1035495;Regular Season - 33;42;Arsenal;Aston Villa;66;0;2;0x0;0x2;Emirates Stadium;London
2024-04-28T13:00:00+00:00;1035521;Regular Season - 35;47;Tottenham;Arsenal;42;2;3;0x3;2x3;Tottenham Hotspur Stadium;London
2024-05-19T15:00:00+00:00;1035544;Regular Season - 38;42;Arsenal;Everton;45;2;1;1x1;2x1;Emirates Stadium;London
2023-08-11T19:00:00+00:00;1035037;Regular Season - 1;44;Burnley;Manchester City;50;0;3;0x2;0x3;Turf Moor;Burnley
2023-08-27T13:00:00+00:00;1035061;Regular Season - 3;44;Burnley;Aston Villa;66;1;3;0x2;1x3;Turf Moor;Burnley
2023-09-02T14:00:00+00:00;1035070;Regular Season - 4;44;Burnley;Tottenham;47;2;5;1x2;2x5;Turf Moor;Burnley
2023-09-18T18:45:00+00:00;1035083;Regular Season - 5;65;Nottingham Forest;Burnley;44;1;1;0x1;1x1;The City Ground;Nottingham, Nottinghamshire
2023-10-03T18:30:00+00:00;1035051;Regular Season - 2;1359;Luton;Burnley;44;1;2;0x1;1x2;Kenilworth Road;Luton, Bedfordshire
2023-10-21T14:00:00+00:00;1035119;Regular Season - 9;55;Brentford;Burnley;44;3;0;1x0;3x0;Gtech Community Stadium;Brentford, Middlesex
2023-11-04T15:00:00+00:00;1035138;Regular Season - 11;44;Burnley;Crystal Palace;52;0;2;0x1;0x2;Turf Moor;Burnley
2023-11-25T15:00:00+00:00;1035295;Regular Season - 13;44;Burnley;West Ham;48;1;2;0x0;1x2;Turf Moor;Burnley
2023-12-02T15:00:00+00:00;1035307;Regular Season - 14;44;Burnley;Sheffield Utd;62;5;0;2x0;5x0;Turf Moor;Burnley
2023-12-09T15:00:00+00:00;1035325;Regular Season - 16;51;Brighton;Burnley;44;1;1;0x1;1x1;The American Express Community Stadium;Falmer, East Sussex
2023-12-16T17:30:00+00:00;1035337;Regular Season - 17;44;Burnley;Everton;45;0;2;0x2;0x2;Turf Moor;Burnley
2023-12-30T15:00:00+00:00;1035364;Regular Season - 20;66;Aston Villa;Burnley;44;3;2;2x1;3x2;Villa Park;Birmingham
2024-01-12T19:45:00+00:00;1035378;Regular Season - 21;44;Burnley;Luton;1359;1;1;1x0;1x1;Turf Moor;Burnley
2024-01-31T19:30:00+00:00;1035393;Regular Season - 22;50;Manchester City;Burnley;44;3;1;2x0;3x1;Etihad Stadium;Manchester
2024-02-24T15:00:00+00:00;1035429;Regular Season - 26;52;Crystal Palace;Burnley;44;3;0;0x0;3x0;Selhurst Park;London
2024-03-10T14:00:00+00:00;1035452;Regular Season - 28;48;West Ham;Burnley;44;2;2;0x2;2x2;London Stadium;London
2024-03-16T15:00:00+00:00;1035456;Regular Season - 29;44;Burnley;Brentford;55;2;1;1x0;2x1;Turf Moor;Burnley
2024-04-06T14:00:00+00:00;1035487;Regular Season - 32;45;Everton;Burnley;44;1;0;1x0;1x0;Goodison Park;Liverpool
2024-04-13T14:00:00+00:00;1035497;Regular Season - 33;44;Burnley;Brighton;51;1;1;0x0;1x1;Turf Moor;Burnley
2024-04-20T14:00:00+00:00;1035511;Regular Season - 34;62;Sheffield Utd;Burnley;44;1;4;0x2;1x4;Bramall Lane;Sheffield
2024-05-11T14:00:00+00:00;1035541;Regular Season - 37;47;Tottenham;Burnley;44;2;1;1x1;2x1;Tottenham Hotspur Stadium;London
2024-05-19T15:00:00+00:00;1035547;Regular Season - 38;44;Burnley;Nottingham Forest;65;1;2;0x2;1x2;Turf Moor;Burnley
2023-08-20T13:00:00+00:00;1035047;Regular Season - 2;66;Aston Villa;Everton;45;4;0;2x0;4x0;Villa Park;Birmingham
2023-09-02T11:30:00+00:00;1035076;Regular Season - 4;62;Sheffield Utd;Everton;45;2;2;2x1;2x2;Bramall Lane;Sheffield
2023-09-23T16:30:00+00:00;1035088;Regular Season - 6;55;Brentford;Everton;45;1;3;1x1;1x3;Gtech Community Stadium;Brentford, Middlesex
2023-09-30T14:00:00+00:00;1035099;Regular Season - 7;45;Everton;Luton;1359;1;2;1x2;1x2;Goodison Park;Liverpool
2023-10-29T13:00:00+00:00;1035135;Regular Season - 10;48;West Ham;Everton;45;0;1;0x0;0x1;London Stadium;London
2023-11-04T15:00:00+00:00;1035139;Regular Season - 11;45;Everton;Brighton;51;1;1;1x0;1x1;Goodison Park;Liverpool
2023-11-11T15:00:00+00:00;1035152;Regular Season - 12;52;Crystal Palace;Everton;45;2;3;1x1;2x3;Selhurst Park;London
2023-12-02T17:30:00+00:00;1035312;Regular Season - 14;65;Nottingham Forest;Everton;45;0;1;0x0;0x1;The City Ground;Nottingham, Nottinghamshire
2023-12-23T15:00:00+00:00;1035351;Regular Season - 18;47;Tottenham;Everton;45;2;1;2x0;2x1;Tottenham Hotspur Stadium;London
2023-12-27T20:15:00+00:00;1035360;Regular Season - 19;45;Everton;Manchester City;50;1;3;1x0;1x3;Goodison Park;Liverpool
2024-01-14T14:00:00+00:00;1035380;Regular Season - 21;45;Everton;Aston Villa;66;0;0;0x0;0x0;Goodison Park;Liverpool
2024-02-03T12:30:00+00:00;1035400;Regular Season - 23;45;Everton;Tottenham;47;2;2;1x2;2x2;Goodison Park;Liverpool
2024-02-10T12:30:00+00:00;1035409;Regular Season - 24;50;Manchester City;Everton;45;2;0;0x0;2x0;Etihad Stadium;Manchester
2024-02-19T20:00:00+00:00;1035416;Regular Season - 25;45;Everton;Crystal Palace;52;1;1;0x0;1x1;Goodison Park;Liverpool
2024-02-24T15:00:00+00:00;1035427;Regular Season - 26;51;Brighton;Everton;45;1;1;0x0;1x1;American Express Stadium;Falmer, East Sussex
2024-03-02T15:00:00+00:00;1035436;Regular Season - 27;45;Everton;West Ham;48;1;3;0x0;1x3;Goodison Park;Liverpool
2024-04-21T12:30:00+00:00;1035507;Regular Season - 34;45;Everton;Nottingham Forest;65;2;0;1x0;2x0;Goodison Park;Liverpool
2024-04-27T16:30:00+00:00;1035516;Regular Season - 35;45;Everton;Brentford;55;1;0;0x0;1x0;Goodison Park;Liverpool
2024-05-03T19:00:00+00:00;1035531;Regular Season - 36;1359;Luton;Everton;45;1;1;1x1;1x1;Kenilworth Road;Luton, Bedfordshire
2024-05-11T14:00:00+00:00;1035536;Regular Season - 37;45;Everton;Sheffield Utd;62;1;0;1x0;1x0;Goodison Park;Liverpool
2023-08-13T13:00:00+00:00;1035044;Regular Season - 1;55;Brentford;Tottenham;47;2;2;2x2;2x2;Gtech Community Stadium;Brentford, Middlesex
2023-09-16T14:00:00+00:00;1035084;Regular Season - 5;47;Tottenham;Sheffield Utd;62;2;1;0x0;2x1;Tottenham Hotspur Stadium;London
2023-10-07T11:30:00+00:00;1035113;Regular Season - 8;1359;Luton;Tottenham;47;0;1;0x0;0x1;Kenilworth Road;Luton, Bedfordshire
2023-10-27T19:00:00+00:00;1035132;Regular Season - 10;52;Crystal Palace;Tottenham;47;1;2;0x0;1x2;Selhurst Park;London
2023-11-26T14:00:00+00:00;1035303;Regular Season - 13;47;Tottenham;Aston Villa;66;1;2;1x1;1x2;Tottenham Hotspur Stadium;London
2023-12-03T16:30:00+00:00;1035310;Regular Season - 14;50;Manchester City;Tottenham;47;3;3;2x1;3x3;Etihad Stadium;Manchester
2023-12-07T20:15:00+00:00;1035320;Regular Season - 15;47;Tottenham;West Ham;48;1;2;1x0;1x2;Tottenham Hotspur Stadium;London
2023-12-15T20:00:00+00:00;1035342;Regular Season - 17;65;Nottingham Forest;Tottenham;47;0;2;0x1;0x2;The City Ground;Nottingham, Nottinghamshire
2023-12-28T19:30:00+00:00;1035357;Regular Season - 19;51;Brighton;Tottenham;47;4;2;2x0;4x2;American Express Stadium;Falmer, East Sussex
2024-01-31T19:30:00+00:00;1035388;Regular Season - 22;47;Tottenham;Brentford;55;3;2;0x1;3x2;Tottenham Hotspur Stadium;London
2024-02-10T15:00:00+00:00;1035411;Regular Season - 24;47;Tottenham;Brighton;51;2;1;0x1;2x1;Tottenham Hotspur Stadium;London
2024-03-02T15:00:00+00:00;1035443;Regular Season - 27;47;Tottenham;Crystal Palace;52;3;1;0x0;3x1;Tottenham Hotspur Stadium;London
2024-03-10T13:00:00+00:00;1035446;Regular Season - 28;66;Aston Villa;Tottenham;47;0;4;0x0;0x4;Villa Park;Birmingham
2024-03-30T15:00:00+00:00;1035473;Regular Season - 30;47;Tottenham;Luton;1359;2;1;0x1;2x1;Tottenham Hotspur Stadium;London
2024-04-02T19:15:00+00:00;1035479;Regular Season - 31;48;West Ham;Tottenham;47;1;1;1x1;1x1;London Stadium;London
2024-04-07T17:00:00+00:00;1035492;Regular Season - 32;47;Tottenham;Nottingham Forest;65;3;1;1x1;3x1;Tottenham Hotspur Stadium;London
2024-05-14T19:00:00+00:00;1035512;Regular Season - 34;47;Tottenham;Manchester City;50;0;2;0x0;0x2;Tottenham Hotspur Stadium;London
2024-05-19T15:00:00+00:00;1035553;Regular Season - 38;62;Sheffield Utd;Tottenham;47;0;3;0x1;0x3;Bramall Lane;Sheffield
2023-08-26T16:30:00+00:00;1035060;Regular Season - 3;51;Brighton;West Ham;48;1;3;0x1;1x3;The American Express Community Stadium;Falmer, East Sussex
2023-09-01T19:00:00+00:00;1035074;Regular Season - 4;1359;Luton;West Ham;48;1;2;0x1;1x2;Kenilworth Road;Luton, Bedfordshire
2023-09-16T14:00:00+00:00;1035085;Regular Season - 5;48;West Ham;Manchester City;50;1;3;1x0;1x3;London Stadium;London
2023-09-30T14:00:00+00:00;1035105;Regular Season - 7;48;West Ham;Sheffield Utd;62;2;0;2x0;2x0;London Stadium;London
2023-10-22T15:30:00+00:00;1035118;Regular Season - 9;66;Aston Villa;West Ham;48;4;1;1x0;4x1;Villa Park;Birmingham
2023-11-04T15:00:00+00:00;1035137;Regular Season - 11;55;Brentford;West Ham;48;3;2;1x2;3x2;Gtech Community Stadium;Brentford, Middlesex
2023-11-12T14:00:00+00:00;1035155;Regular Season - 12;48;West Ham;Nottingham Forest;65;3;2;1x1;3x2;London Stadium;London
2023-12-03T14:00:00+00:00;1035313;Regular Season - 14;48;West Ham;Crystal Palace;52;1;1;1x0;1x1;London Stadium;London
2024-01-02T19:30:00+00:00;1035372;Regular Season - 20;48;West Ham;Brighton;51;0;0;0x0;0x0;London Stadium;London
2024-01-21T14:00:00+00:00;1035383;Regular Season - 21;62;Sheffield Utd;West Ham;48;2;2;1x1;2x2;Bramall Lane;Sheffield
2024-02-17T15:00:00+00:00;1035421;Regular Season - 25;65;Nottingham Forest;West Ham;48;2;0;1x0;2x0;The City Ground;Nottingham, Nottinghamshire
2024-02-26T20:00:00+00:00;1035432;Regular Season - 26;48;West Ham;Brentford;55;4;2;2x1;4x2;London Stadium;London
2024-03-17T14:00:00+00:00;1035462;Regular Season - 29;48;West Ham;Aston Villa;66;1;1;1x0;1x1;London Stadium;London
2024-04-21T14:00:00+00:00;1035506;Regular Season - 34;52;Crystal Palace;West Ham;48;5;2;4x1;5x2;Selhurst Park;London
2024-05-11T14:00:00+00:00;1035542;Regular Season - 37;48;West Ham;Luton;1359;3;1;0x1;3x1;London Stadium;London
2024-05-19T15:00:00+00:00;1035552;Regular Season - 38;50;Manchester City;West Ham;48;3;1;2x1;3x1;Etihad Stadium;Manchester
2023-08-27T13:00:00+00:00;1035066;Regular Season - 3;62;Sheffield Utd;Manchester City;50;1;2;0x0;1x2;Bramall Lane;Sheffield
2023-09-23T14:00:00+00:00;1035095;Regular Season - 6;50;Manchester City;Nottingham Forest;65;2;0;2x0;2x0;Etihad Stadium;Manchester
2023-10-21T14:00:00+00:00;1035122;Regular Season - 9;50;Manchester City;Brighton;51;2;1;2x0;2x1;Etihad Stadium;Manchester
2023-12-06T20:15:00+00:00;1035314;Regular Season - 15;66;Aston Villa;Manchester City;50;1;0;0x0;1x0;Villa Park;Birmingham
2023-12-10T14:00:00+00:00;1035329;Regular Season - 16;1359;Luton;Manchester City;50;1;2;1x0;1x2;Kenilworth Road;Luton, Bedfordshire
2023-12-16T15:00:00+00:00;1035340;Regular Season - 17;50;Manchester City;Crystal Palace;52;2;2;1x0;2x2;Etihad Stadium;Manchester
2023-12-30T15:00:00+00:00;1035369;Regular Season - 20;50;Manchester City;Sheffield Utd;62;2;0;1x0;2x0;Etihad Stadium;Manchester
2024-02-05T20:00:00+00:00;1035396;Regular Season - 23;55;Brentford;Manchester City;50;1;3;1x1;1x3;Gtech Community Stadium;Brentford, Middlesex
2024-02-20T19:30:00+00:00;1035349;Regular Season - 18;50;Manchester City;Brentford;55;1;0;0x0;1x0;Etihad Stadium;Manchester
2024-04-03T19:15:00+00:00;1035483;Regular Season - 31;50;Manchester City;Aston Villa;66;4;1;2x1;4x1;Etihad Stadium;Manchester
2024-04-06T11:30:00+00:00;1035486;Regular Season - 32;52;Crystal Palace;Manchester City;50;2;4;1x1;2x4;Selhurst Park;London
2024-04-13T14:00:00+00:00;1035500;Regular Season - 33;50;Manchester City;Luton;1359;5;1;1x0;5x1;Etihad Stadium;Manchester
2024-04-25T19:00:00+00:00;1035455;Regular Season - 29;51;Brighton;Manchester City;50;0;4;0x3;0x4;American Express Stadium;Falmer, East Sussex
2024-04-28T15:30:00+00:00;1035520;Regular Season - 35;65;Nottingham Forest;Manchester City;50;0;2;0x1;0x2;The City Ground;Nottingham, Nottinghamshire
2023-08-12T14:00:00+00:00;1035040;Regular Season - 1;51;Brighton;Luton;1359;4;1;1x0;4x1;The American Express Community Stadium;Falmer, East Sussex
2023-09-30T11:30:00+00:00;1035098;Regular Season - 7;66;Aston Villa;Brighton;51;6;1;3x0;6x1;Villa Park;Birmingham
2023-11-12T14:00:00+00:00;1035150;Regular Season - 12;51;Brighton;Sheffield Utd;62;1;1;1x0;1x1;The American Express Community Stadium;Falmer, East Sussex
2023-11-25T15:00:00+00:00;1035301;Regular Season - 13;65;Nottingham Forest;Brighton;51;2;3;1x2;2x3;The City Ground;Nottingham, Nottinghamshire
2023-12-06T19:30:00+00:00;1035315;Regular Season - 15;51;Brighton;Brentford;55;2;1;1x1;2x1;The American Express Community Stadium;Falmer, East Sussex
2023-12-21T20:00:00+00:00;1035345;Regular Season - 18;52;Crystal Palace;Brighton;51;1;1;1x0;1x1;Selhurst Park;London
2024-01-30T19:45:00+00:00;1035386;Regular Season - 22;1359;Luton;Brighton;51;4;0;3x0;4x0;Kenilworth Road;Luton, Bedfordshire
2024-02-03T15:00:00+00:00;1035397;Regular Season - 23;51;Brighton;Crystal Palace;52;4;1;3x0;4x1;American Express Stadium;Falmer, East Sussex
2024-02-18T14:00:00+00:00;1035422;Regular Season - 25;62;Sheffield Utd;Brighton;51;0;5;0x2;0x5;Bramall Lane;Sheffield
2024-03-10T14:00:00+00:00;1035447;Regular Season - 28;51;Brighton;Nottingham Forest;65;1;0;1x0;1x0;American Express Stadium;Falmer, East Sussex
2024-04-03T18:30:00+00:00;1035476;Regular Season - 31;55;Brentford;Brighton;51;0;0;0x0;0x0;Gtech Community Stadium;Brentford, Middlesex
2024-05-05T13:00:00+00:00;1035526;Regular Season - 36;51;Brighton;Aston Villa;66;1;0;0x0;1x0;American Express Stadium;Falmer, East Sussex
2023-08-12T14:00:00+00:00;1035042;Regular Season - 1;62;Sheffield Utd;Crystal Palace;52;0;1;0x0;0x1;Bramall Lane;Sheffield
2023-08-26T14:00:00+00:00;1035059;Regular Season - 3;55;Brentford;Crystal Palace;52;1;1;1x0;1x1;Gtech Community Stadium;Brentford, Middlesex
2023-09-16T14:00:00+00:00;1035078;Regular Season - 5;66;Aston Villa;Crystal Palace;52;3;1;0x0;3x1;Villa Park;Birmingham
2023-10-07T16:30:00+00:00;1035110;Regular Season - 8;52;Crystal Palace;Nottingham Forest;65;0;0;0x0;0x0;Selhurst Park;London
2023-11-25T15:00:00+00:00;1035298;Regular Season - 13;1359;Luton;Crystal Palace;52;2;1;0x0;2x1;Kenilworth Road;Luton, Bedfordshire
2023-12-30T15:00:00+00:00;1035365;Regular Season - 20;52;Crystal Palace;Brentford;55;3;1;2x1;3x1;Selhurst Park;London
2024-01-30T20:00:00+00:00;1035391;Regular Season - 22;52;Crystal Palace;Sheffield Utd;62;3;2;2x2;3x2;Selhurst Park;London
2024-03-09T15:00:00+00:00;1035449;Regular Season - 28;52;Crystal Palace;Luton;1359;1;1;1x0;1x1;Selhurst Park;London
2024-03-30T15:00:00+00:00;1035471;Regular Season - 30;65;Nottingham Forest;Crystal Palace;52;1;1;0x1;1x1;The City Ground;Nottingham, Nottinghamshire
2024-05-19T15:00:00+00:00;1035549;Regular Season - 38;52;Crystal Palace;Aston Villa;66;5;0;2x0;5x0;Selhurst Park;London
2023-10-01T13:00:00+00:00;1035103;Regular Season - 7;65;Nottingham Forest;Brentford;55;1;1;0x0;1x1;The City Ground;Nottingham, Nottinghamshire
2023-12-02T15:00:00+00:00;1035306;Regular Season - 14;55;Brentford;Luton;1359;3;1;0x0;3x1;Gtech Community Stadium;Brentford, Middlesex
2023-12-09T15:00:00+00:00;1035331;Regular Season - 16;62;Sheffield Utd;Brentford;55;1;0;1x0;1x0;Bramall Lane;Sheffield
2023-12-17T14:00:00+00:00;1035336;Regular Season - 17;55;Brentford;Aston Villa;66;1;2;1x0;1x2;Gtech Community Stadium;Brentford, Middlesex
2024-01-20T17:30:00+00:00;1035376;Regular Season - 21;55;Brentford;Nottingham Forest;65;3;2;1x1;3x2;Gtech Community Stadium;Brentford, Middlesex
2024-04-06T14:00:00+00:00;1035484;Regular Season - 32;66;Aston Villa;Brentford;55;3;3;1x0;3x3;Villa Park;Birmingham
2024-04-13T14:00:00+00:00;1035496;Regular Season - 33;55;Brentford;Sheffield Utd;62;2;0;0x0;2x0;Gtech Community Stadium;Brentford, Middlesex
2024-04-20T14:00:00+00:00;1035509;Regular Season - 34;1359;Luton;Brentford;55;1;5;0x2;1x5;Kenilworth Road;Luton, Bedfordshire
2023-08-18T18:45:00+00:00;1035053;Regular Season - 2;65;Nottingham Forest;Sheffield Utd;62;2;1;1x0;2x1;The City Ground;Nottingham, Nottinghamshire
2023-12-22T20:00:00+00:00;1035344;Regular Season - 18;66;Aston Villa;Sheffield Utd;62;1;1;0x0;1x1;Villa Park;Birmingham
2023-12-26T15:00:00+00:00;1035363;Regular Season - 19;62;Sheffield Utd;Luton;1359;2;3;0x1;2x3;Bramall Lane;Sheffield
2024-02-03T17:30:00+00:00;1035403;Regular Season - 23;62;Sheffield Utd;Aston Villa;66;0;5;0x4;0x5;Bramall Lane;Sheffield
2024-02-10T15:00:00+00:00;1035408;Regular Season - 24;1359;Luton;Sheffield Utd;62;1;3;0x2;1x3;Kenilworth Road;Luton, Bedfordshire
2024-05-04T14:00:00+00:00;1035533;Regular Season - 36;62;Sheffield Utd;Nottingham Forest;65;1;3;1x1;1x3;Bramall Lane;Sheffield
2023-10-21T14:00:00+00:00;1035124;Regular Season - 9;65;Nottingham Forest;Luton;1359;2;2;0x0;2x2;The City Ground;Nottingham, Nottinghamshire
2023-10-29T14:00:00+00:00;1035129;Regular Season - 10;66;Aston Villa;Luton;1359;3;1;1x0;3x1;Villa Park;Birmingham
2024-03-02T17:30:00+00:00;1035438;Regular Season - 27;1359;Luton;Aston Villa;66;2;3;0x2;2x3;Kenilworth Road;Luton, Bedfordshire
2024-03-16T15:00:00+00:00;1035460;Regular Season - 29;1359;Luton;Nottingham Forest;65;1;1;0x1;1x1;Kenilworth Road;Luton, Bedfordshire
